month,product_id,st#00Moonshine#1_sys - sales_quantity,st#00Moonshine#1_sys - sales_value,st#00Moonshine#1_sys - discount,st#00Enroth#9_sys - sales_quantity,st#00Enroth#9_sys - sales_value,st#00Enroth#9_sys - discount,st#00Veilguard#10_sys - sales_quantity,st#00Veilguard#10_sys - sales_value,st#00Veilguard#10_sys - discount,st#00Club#7#11_sys - sales_quantity,st#00Club#7#11_sys - sales_value,st#00Club#7#11_sys - discount,st#00Grund#12_sys - sales_quantity,st#00Grund#12_sys - sales_value,st#00Grund#12_sys - discount,st#00Duo's#13_sys - sales_quantity,st#00Duo's#13_sys - sales_value,st#00Duo's#13_sys - discount,st#00Sunflower#3_sys - sales_quantity,st#00Sunflower#3_sys - sales_value,st#00Sunflower#3_sys - discount,st#00Marketplace#14_sys - sales_quantity,st#00Marketplace#14_sys - sales_value,st#00Marketplace#14_sys - discount,st#00Wonderer's Shop#15_sys - sales_quantity,st#00Wonderer's Shop#15_sys - sales_value,st#00Wonderer's Shop#15_sys - discount,st#00Zebra#4_sys - sales_quantity,st#00Zebra#4_sys - sales_value,st#00Zebra#4_sys - discount,st#00External World#20_sys - sales_quantity,st#00External World#20_sys - sales_value,st#00External World#20_sys - discount,st#00DragonNest#5_sys - sales_quantity,st#00DragonNest#5_sys - sales_value,st#00DragonNest#5_sys - discount,st#00L'Artibarn#6_sys - sales_quantity,st#00L'Artibarn#6_sys - sales_value,st#00L'Artibarn#6_sys - discount,st#00Blood Bank#16_sys - sales_quantity,st#00Blood Bank#16_sys - sales_value,st#00Blood Bank#16_sys - discount,st#00The Hive#17_sys - sales_quantity,st#00The Hive#17_sys - sales_value,st#00The Hive#17_sys - discount,st#00Shelter#7_sys - sales_quantity,st#00Shelter#7_sys - sales_value,st#00Shelter#7_sys - discount,st#00Rose's Garden#18_sys - sales_quantity,st#00Rose's Garden#18_sys - sales_value,st#00Rose's Garden#18_sys - discount,st#00SofiaTech#8_sys - sales_quantity,st#00SofiaTech#8_sys - sales_value,st#00SofiaTech#8_sys - discount,st#00Twisting Nether#19_sys - sales_quantity,st#00Twisting Nether#19_sys - sales_value,st#00Twisting Nether#19_sys - discount
01/01/2024,_4#Magic Wand,1464,4187.04,598.322,169,483.34,67.07,3563,10190.18,1635.902,93,265.98,34.858,187,534.82,64.008,168,480.48,68.482,1338,3826.68,455.1,8,22.88,0,4237,12117.82,1304.248,1540,4404.4,583.9,94,268.84,32.004,1565,4475.9,1030.396,720,2059.2,370.654,245,700.7,73.17,414,1184.04,168.49,865,2473.9,292.024,400,1144,106.234,344,983.84,116.424,77,220.22,21.694
01/01/2024,_5#Magic Rod,3342,8054.22,681.722,226,544.66,75.714,6106,14715.46,1373.284,536,1291.76,125.288,372,896.52,91.81,114,274.74,25.59,4063,9791.83,860.494,6,14.46,0,14797,35660.77,2866.708,3077,7415.57,564.63,470,1132.7,105.252,,,,432,1041.12,104.104,816,1966.56,161.03,1475,3554.75,364.354,2340,5639.4,461.588,1158,2790.78,209.904,1078,2597.98,130.928,364,877.24,60.358
01/01/2024,_6#Magic Rod,4874,18540.696,1506.494,290,1103.16,150.822,6563,24965.652,2275.492,985,3746.94,367.138,305,1160.22,103.958,136,517.344,47.822,5917,22508.268,2000.876,116,441.264,0,26679,101486.916,8049.61,3496,13298.784,977.536,728,2769.312,276.756,424,1612.896,206.36,3024,11503.296,1150.322,1120,4260.48,383.552,2605,9909.42,980.348,3652,13892.208,1116.636,1814,6900.456,504.368,2025,7703.1,347.586,278,1057.512,78.368
01/01/2024,_7#Magic Rod,1232,2224.992,0,60,108.36,0,1999,3610.194,0,150,270.9,0,58,104.748,0,80,144.48,0,1626,2936.556,0,2586,4670.316,0,2524,4558.344,0,698,1260.588,0,58,104.748,0,332,599.592,0,148,267.288,0,175,316.05,0,130,234.78,0,564,1018.584,0,,,,49,88.494,0,42,75.852,0
01/01/2024,_10#Whistleblower,106,510.284,0,3,14.442,0,174,837.636,95.932,2,9.628,0,,,,,,,85,409.19,0,,,,163,784.682,37.758,94,452.516,28.966,1,4.814,0,8,38.512,3.152,50,240.7,16.83,9,43.326,1.964,,,,49,235.886,13.744,17,81.838,3.254,20,96.28,6.072,,,
01/01/2024,_15#Darkspawn Helmet,2609,11740.5,1732.088,69,310.5,40.442,2901,13054.5,2023.658,308,1386,194.006,287,1291.5,153.298,24,108,14.706,3070,13815,1717.668,20,90,0,7959,35815.5,3032.268,2027,9121.5,1248.828,297,1336.5,150.816,1256,5652,1265.116,725,3262.5,570.24,292,1314,133.558,535,2407.5,327.806,1740,7830,899.928,585,2632.5,240.438,587,2641.5,292.402,61,274.5,28.254
01/01/2024,_16#Darkspawn Helmet,5639,36281.326,5214.346,315,2026.71,280.266,16636,107036.024,16368.81,352,2264.768,289.284,257,1653.538,214.078,97,624.098,83.552,2242,14425.028,1719.774,363,2335.542,0,9868,63490.712,5729.64,1665,10712.61,1427.124,5,32.17,4.338,20000,128680,28197,2304,14823.936,2668.31,271,1743.614,192.404,634,4079.156,540.834,1653,10635.402,1234.444,1057,6800.738,671.734,242,1557.028,187.216,516,3319.944,306.958
01/01/2024,_19#Magic Rod,2090,9910.78,499.024,436,2067.512,94.156,6765,32079.63,1765.338,339,1607.538,79.804,305,1446.31,73.644,340,1612.28,92.078,2768,13125.856,721.084,242,1147.564,0,9870,46803.54,2320.14,3139,14885.138,840.31,163,772.946,42.044,5493,26047.806,2059.886,2700,12803.4,896.236,492,2333.064,109.75,811,3845.762,213.32,1868,8858.056,500.25,960,4552.32,190.204,599,2840.458,178.766,182,863.044,32.302
01/01/2024,_20#Mermaid Voice,457,1823.43,0,25,99.75,0,1043,4161.57,0,10,39.9,0,13,51.87,2.824,34,135.66,0,450,1795.5,0,,,,646,2577.54,0.64,444,1771.56,2.726,7,27.93,0,168,670.32,0,,,,8,31.92,0,6,23.94,0,259,1033.41,0,,,,25,99.75,0,12,47.88,0
01/01/2024,_21#Mermaid Voice,327,1261.566,0,7,27.006,0,977,3769.266,0,34,131.172,0,32,123.456,0,36,138.888,0,328,1265.424,0,50,192.9,0,714,2754.612,6.168,468,1805.544,14.078,20,77.16,0,499,1925.142,0,,,,16,61.728,0,10,38.58,0,212,817.896,0,8,30.864,3.112,20,77.16,0.94,7,27.006,0
01/01/2024,_23#Mermaid Voice,122,541.68,0,5,22.2,0,412,1829.28,0,2,8.88,0,38,168.72,0,17,75.48,0,106,470.64,0,,,,279,1238.76,0,150,666,0,1,4.44,0,24,106.56,0,3,13.32,0,14,62.16,0,3,13.32,0,100,444,0,,,,,,,1,4.44,0
01/01/2024,_25#Mermaid Voice,140,589.4,0,11,46.31,0,299,1258.79,0,5,21.05,0,2,8.42,1.206,6,25.26,0,172,724.12,0,,,,246,1035.66,2.256,153,644.13,2.334,3,12.63,0,47,197.87,0,,,,6,25.26,0,4,16.84,0,71,298.91,0,1,4.21,0.55,5,21.05,0,,,
01/01/2024,_26#Mermaid Voice,769,2430.04,0,18,56.88,0,1396,4411.36,0,39,123.24,0,5,15.8,0,114,360.24,1.014,729,2303.64,0,70,221.2,0,1740,5498.4,4.748,804,2540.64,6.046,9,28.44,0,74,233.84,0,,,,47,148.52,0,48,151.68,0,287,906.92,0,17,53.72,4.236,211,666.76,0,17,53.72,0
01/01/2024,_28#Whistleblower,182,437.892,0,15,36.09,0,49,117.894,0,7,16.842,0,,,,49,117.894,0,146,351.276,0,4,9.624,0,845,2033.07,0,130,312.78,0,,,,102,245.412,0,14,33.684,0,18,43.308,0,22,52.932,0,8,19.248,0,,,,35,84.21,0,4,9.624,0
01/01/2024,_29#Whistleblower,67,238.386,0,3,10.674,0,48,170.784,0,2,7.116,0,,,,5,17.79,0,27,96.066,0,6,21.348,0,251,893.058,0,30,106.74,0,,,,50,177.9,0,5,17.79,0,6,21.348,0,5,17.79,0,12,42.696,0,,,,2,7.116,0,3,10.674,0
01/01/2024,_30#Magic Wand,568,2333.344,329.114,2,8.216,1.158,851,3495.908,554.376,46,188.968,24.142,21,86.268,12.07,34,139.672,19.626,564,2316.912,274.042,,,,1653,6790.524,568,359,1474.772,198.596,24,98.592,12.07,32,131.456,30.016,120,492.96,88.734,66,271.128,28.842,121,497.068,70.102,458,1881.464,219.382,137,562.796,49.698,122,501.176,59.248,46,188.968,17.73
01/01/2024,_33#Whistleblower,128,832,0,3,19.5,1.13,236,1534,176.48,,,,,,,15,97.5,5.63,134,871,0,,,,200,1300,55.384,107,695.5,40.654,3,19.5,0,14,91,7.336,50,325,22.768,2,13,0.748,2,13,0,62,403,23.182,18,117,5.182,11,71.5,4.494,5,32.5,1.044
01/01/2024,_34#Magic Wand,1397,3679.698,511.974,81,213.354,29.678,3387,8921.358,1395.714,112,295.008,39.996,152,400.368,54.176,67,176.478,24.46,1534,4040.556,465.852,1,2.634,0,5523,14547.582,1464.93,1044,2749.896,348.68,200,526.8,69.448,1024,2697.216,605.064,240,632.16,113.786,263,692.742,82.196,520,1369.68,189.834,880,2317.92,266.64,469,1235.346,110.372,248,653.232,70.83,122,321.348,30.318
01/01/2024,_35#Magic Wand,3242,13298.684,1774.202,131,537.362,71.48,5074,20813.548,3146.532,763,3129.826,407.9,464,1903.328,242.67,1633,6698.566,905.876,2933,12031.166,1346.708,12,49.224,0,13469,55249.838,5270.838,1742,7145.684,909.14,479,1964.858,246.53,1327,5443.354,1189.296,4608,18902.016,3402.366,626,2567.852,307.618,957,3925.614,520.502,1952,8007.104,854.396,970,3978.94,362.426,1875,7691.25,874.398,238,976.276,91.212
01/01/2024,_50#Serenity Pendant,3495,11575.44,715.882,333,1102.896,47.022,7986,26449.632,1484.082,209,692.208,34.294,305,1010.16,53.508,334,1106.208,48.596,4223,13986.576,731.59,42,139.104,0,12740,42194.88,1688.626,4170,13811.04,646.37,135,447.12,25.608,5562,18421.344,1482.968,1440,4769.28,333.85,387,1281.744,60.506,713,2361.456,124.738,2272,7524.864,434.18,941,3116.592,128.744,1349,4467.888,200.49,308,1020.096,42.42
01/01/2024,_51#Serenity Pendant,4402,5440.872,0,90,111.24,0,7727,9550.572,0,207,255.852,0,215,265.74,0,419,517.884,0,4448,5497.728,0,137,169.332,0,7392,9136.512,0,2455,3034.38,0,83,102.588,0,1523,1882.428,0,1071,1323.756,0,417,515.412,0,104,128.544,0,1730,2138.28,0,,,,265,327.54,0,136,168.096,0
01/01/2024,_52#Serenity Pendant,2669,12213.344,742.624,361,1651.936,81.774,5791,26499.616,1452.716,191,874.016,40.336,306,1400.256,75.344,191,874.016,49.138,2905,13293.28,703.272,27,123.552,0,8883,40648.608,1911.44,2592,11860.992,668.536,124,567.424,26.816,8273,37857.248,2958.854,2520,11531.52,807.204,446,2040.896,96.53,787,3601.312,201.71,1604,7339.904,409.662,810,3706.56,151.776,408,1867.008,154.486,239,1093.664,43.642
01/01/2024,_60#Magic Wand,4619,25034.98,3420.27,672,3642.24,534.844,12579,68178.18,10305.564,754,4086.68,570.004,555,3008.1,399.19,209,1132.78,153.866,8821,47809.82,5042.748,53,287.26,0,17316,93852.72,9873.656,7968,43186.56,5548.534,366,1983.72,252.208,10001,54205.42,11880.594,3840,20812.8,3746.302,821,4449.82,449.21,1280,6937.6,913.616,3343,18119.06,2035.864,2082,11284.44,1126.768,624,3382.08,394.838,237,1284.54,119.34
01/01/2024,_61#Magic Wand,811,3962.546,0,29,141.694,0,1255,6131.93,0,70,342.02,0,29,141.694,0,90,439.74,0,827,4040.722,0,140,684.04,0,1718,8394.148,0,496,2423.456,0,46,224.756,0,494,2413.684,0,13,63.518,0,90,439.74,0,67,327.362,0,340,1661.24,0,,,,57,278.502,0,22,107.492,0
01/01/2024,_62#Magic Wand,941,4422.7,589.25,61,286.7,40.176,2463,11576.1,1753.684,125,587.5,69.982,83,390.1,48.648,121,568.7,76.8,1819,8549.3,896.786,,,,3271,15373.7,1570.072,1268,5959.6,763.914,81,380.7,37.9,1028,4831.6,1055.284,240,1128,203.04,135,634.5,61.016,106,498.2,67.622,639,3003.3,327.982,258,1212.6,119.546,246,1156.2,132.32,40,188,15.37
01/01/2024,_68#Darkspawn Helmet,1710,13341.42,2008.556,283,2207.966,310.604,2480,19348.96,2882.44,620,4837.24,797.404,345,2691.69,342.714,431,3362.662,442.47,6549,51095.298,5740.57,296,2309.392,0,9105,71037.21,7765.428,6068,47342.536,6128.688,236,1841.272,201.508,1854,14464.908,3081.688,2304,17975.808,3235.648,479,3737.158,466.48,480,3744.96,497.316,2596,20253.992,2214.77,795,6202.59,708.474,1500,11703,1317.5,123,959.646,98.176
01/01/2024,_76#Darkspawn Helmet,836,7714.608,1070.48,126,1162.728,152.41,1431,13205.268,2033.472,205,1891.74,242.938,87,802.836,105.84,45,415.26,55.558,766,7068.648,860.57,,,,2227,20550.756,2038.872,1065,9827.82,1313.566,22,203.016,27.72,1572,14506.416,3217.54,360,3322.08,597.98,115,1061.22,116.098,113,1042.764,138.882,412,3801.936,430.5,197,1817.916,176.044,88,812.064,91.222,9,83.052,2.37
01/01/2024,_78#Darkspawn Helmet,488,2626.416,401.098,83,446.706,62.986,723,3891.186,616.32,215,1157.13,145.002,56,301.392,42.12,13,69.966,9.784,707,3805.074,492.38,5,26.91,0,2598,13982.436,1334.622,461,2481.102,335.754,9,48.438,4.512,53,285.246,64.934,1,5.382,0,143,769.626,98.718,226,1216.332,171.506,484,2604.888,303.372,215,1157.13,105.308,59,317.538,37.316,6,32.292,3.488
01/01/2024,_85#Magic Wand,692,3217.8,453.752,29,134.85,17.704,1270,5905.5,937.87,119,553.35,82.36,84,390.6,54.734,45,209.25,29.42,608,2827.2,334.372,2,9.3,0,2865,13322.25,1342.378,303,1408.95,189.738,46,213.9,26.716,30,139.5,31.766,,,,87,404.55,49.442,200,930,130.48,386,1794.9,209.598,257,1195.05,108.462,126,585.9,67.548,38,176.7,15.814
01/01/2024,_92#Poison,894,2589.024,188.23,79,228.784,12.766,1756,5085.376,598.142,40,115.84,7.314,8,23.168,1.366,88,254.848,36.216,1119,3240.624,235.248,135,390.96,0,2428,7031.488,355.28,793,2296.528,137.63,21,60.816,0,193,558.928,46.3,720,2085.12,145.958,96,278.016,13.038,313,906.448,53.48,460,1332.16,78.568,218,631.328,25.932,156,451.776,25.402,36,104.256,3.158
01/01/2024,_93#Poison,3361,9437.688,647.934,259,727.272,33.526,5842,16404.336,1867.076,169,474.552,21.708,35,98.28,5.648,264,741.312,102.688,3508,9850.464,675.694,626,1757.808,0,8274,23233.392,1040.59,2978,8362.224,436.608,104,292.032,15.494,4572,12838.176,1027.712,960,2695.68,188.694,361,1013.688,38.362,705,1979.64,108.038,1730,4857.84,279.222,744,2089.152,88.958,682,1915.056,94.436,176,494.208,15.768
01/01/2024,_95#Poison,2203,9662.358,676.882,129,565.794,32.086,4109,18022.074,2033.134,115,504.39,25.374,13,57.018,3.216,288,1263.168,171.71,2522,11061.492,756.714,88,385.968,0,5001,21934.386,1063.916,1767,7750.062,445.698,64,280.704,14.844,779,3416.694,268.644,1200,5263.2,368.426,257,1127.202,45.636,398,1745.628,98.982,1204,5280.744,297.87,542,2377.212,98.18,369,1618.434,84.198,119,521.934,16.734
01/01/2024,_101#Amethyst Stone,11065,53222.65,7015.286,1644,7907.64,1083.892,35214,169379.34,25518.948,1664,8003.84,1232.194,1821,8759.01,1151.49,1297,6238.57,845.082,9319,44824.39,4861.174,44,211.64,0,37920,182395.2,18609.11,10125,48701.25,6572.422,744,3578.64,478.756,36872,177354.32,38882.224,12096,58181.76,9890.902,2271,10923.51,1271.744,3989,19187.09,2585.74,6791,32664.71,3685.516,3257,15666.17,1472.738,1645,7912.45,811.406,882,4242.42,437.016
01/01/2024,_102#Magic Wand,1053,6018.948,834.192,193,1103.188,154.526,3311,18925.676,2871.616,93,531.588,66.462,111,634.476,81.086,109,623.044,84.202,1863,10648.908,1117.676,10,57.16,0,3530,20177.48,2269.532,1734,9911.544,1271.57,102,583.032,60.426,6833,39057.428,8497.458,2250,12861,2314.98,164,937.424,106.182,269,1537.604,201.676,707,4041.212,451.978,403,2303.548,221.984,251,1434.716,163.438,27,154.332,16.228
01/01/2024,_105#Magic Wand,419,2143.604,302.094,45,230.22,30.3,969,4957.404,786.542,66,337.656,36.548,55,281.38,31.416,76,388.816,54.542,456,2332.896,273.654,19,97.204,0,1411,7218.676,626.284,410,2097.56,282.336,18,92.088,0,384,1964.544,446.766,,,,119,608.804,58.73,36,184.176,14.428,240,1227.84,142.204,146,746.936,63.886,76,388.816,45.988,33,168.828,16.638
01/01/2024,_107#Babylon Candle,13,59.462,7.892,,,,30,137.22,-14.584,,,,8,36.592,3.442,7,32.018,0,8,36.592,5.328,,,,58,265.292,0,7,32.018,0,,,,2,9.148,0,,,,5,22.87,0,,,,3,13.722,0,,,,2,9.148,0,,,
01/01/2024,_109#Poison,1872,6274.944,438.97,104,348.608,16.316,4482,15023.664,1737.226,67,224.584,11.298,22,73.744,3.506,215,720.68,100.248,1853,6211.256,428.172,14,46.928,0,4192,14051.584,657.776,1682,5638.064,287.098,89,298.328,15.39,3137,10515.224,855.464,480,1608.96,112.63,209,700.568,26.796,352,1179.904,64.478,886,2969.872,172.592,409,1370.968,56.814,320,1072.64,56.046,97,325.144,13.338
01/01/2024,_110#Darkspawn Helmet,32,168.768,27.576,11,58.014,0,100,527.4,0,,,,,,,8,42.192,0,21,110.754,15.288,,,,113,595.962,0,42,221.508,1.52,,,,2,10.548,0,,,,6,31.644,0,1,5.274,0,13,68.562,0,,,,2,10.548,0,,,
01/01/2024,_129#Lighsaber,58,807.824,0,20,278.56,0,144,2005.632,0,7,97.496,0,2,27.856,0,19,264.632,2.124,51,710.328,0,,,,198,2757.744,0,62,863.536,0,,,,72,1002.816,0,1,13.928,0,6,83.568,0,,,,37,515.336,0,,,,3,41.784,0,3,41.784,1.788
01/01/2024,_130#Babylon Candle,1071,7443.45,1113.448,120,834,111.076,880,6116,1040.17,217,1508.15,205.276,63,437.85,59.16,35,243.25,32.844,922,6407.9,813.786,113,785.35,0,4000,27800,2350.864,1027,7137.65,945.872,5,34.75,2.91,9998,69486.1,15756.748,640,4448,800.644,251,1744.45,200.74,177,1230.15,161.068,1926,13385.7,1555.784,235,1633.25,134.314,824,5726.8,633.176,463,3217.85,312.338
01/01/2024,_17#Serenity Pendant,161,203.504,0,8,10.112,0,271,342.544,0,28,35.392,0,8,10.112,0,13,16.432,0,252,318.528,0,6473,8181.872,0,452,571.328,0,139,175.696,0,13,16.432,0,70,88.48,0,16,20.224,0,51,64.464,0,5,6.32,0,123,155.472,0,,,,15,18.96,0,4,5.056,0
01/01/2024,_133#Babylon Candle,1967,9713.046,1486.64,35,172.83,23.52,3108,15347.304,2374.662,185,913.53,107.416,111,548.118,68.764,53,261.714,36.288,1815,8962.47,1163.358,65,320.97,0,5552,27415.776,2295.942,910,4493.58,611.664,109,538.242,68.09,14,69.132,15.338,,,,249,1229.562,157.002,378,1866.564,254.016,891,4399.758,500.002,413,2039.394,183.904,399,1970.262,217.948,70,345.66,35.428
01/01/2024,_135#Babylon Candle,-1,-4.394,-0.586,,,,,,,,,,,,,,,,,,,,,,,,,,,,,,,,,,,,,,,,,,,,,,,,,1,4.394,0,,,
01/01/2024,_134#Serenity Pendant,38,188.176,0.696,5,24.76,0,82,406.064,0,3,14.856,0,1,4.952,0,5,24.76,0,35,173.32,0,,,,68,336.736,0,46,227.792,0.668,5,24.76,0,12,59.424,0,-1,-4.952,0,6,29.712,0,2,9.904,0,22,108.944,0,,,,2,9.904,0,,,
01/01/2024,_136#Magic Rod,5437,26608.678,2236.484,743,3636.242,495.668,8418,41197.692,3770.25,1221,5975.574,759.438,282,1380.108,130.162,243,1189.242,107.36,6746,33014.924,2939.702,193,944.542,0,25874,126627.356,10923.532,5098,24949.612,2356.08,740,3621.56,348.256,208,1017.952,131.954,,,,1616,7908.704,727.178,2270,11109.38,1124.278,7479,36602.226,2889.158,1929,9440.526,734.084,1614,7898.916,599.812,336,1644.384,131.768
01/01/2024,_137#Whistleblower,17,162.282,0,3,28.638,1.66,54,515.484,59.044,,,,4,38.184,0,16,152.736,8.828,12,114.552,0,,,,45,429.57,29.092,38,362.748,20.952,,,,7,66.822,5.366,,,,12,114.552,5.358,,,,5,47.73,2.734,4,38.184,1.022,1,9.546,0.654,1,9.546,0.51
01/01/2024,_139#Babylon Candle,1501,15169.106,2356.262,183,1849.398,268.832,7913,79968.778,11922.484,144,1455.264,176.71,242,2445.652,285.706,233,2354.698,310.334,4526,45739.756,5494.528,5,50.53,0,6237,63031.122,7127.262,4199,42435.094,5502.332,89,899.434,98.32,3,30.318,6.546,2688,27164.928,4889.686,218,2203.108,273.582,245,2475.97,327.408,972,9823.032,1078.582,903,9125.718,965.454,210,2122.26,244.972,33,333.498,29.844
01/01/2024,_142#Babylon Candle,335,2511.16,392.526,21,157.416,20.846,864,6476.544,990.324,29,217.384,24.224,30,224.88,19.216,19,142.424,19.46,277,2076.392,275.234,,,,810,6071.76,593.968,336,2518.656,345.17,17,127.432,8.09,162,1214.352,268.454,,,,56,419.776,43.362,130,974.48,133.416,267,2001.432,225.028,94,704.624,65.926,43,322.328,38.792,9,67.464,2.888
01/01/2024,_141#Magic Rod,2280,11158.32,1113.078,392,1918.448,237.59,5704,27915.376,2548.302,662,3239.828,334.778,1611,7884.234,770.162,173,846.662,76.236,2404,11765.176,1142.196,5,24.47,0,7488,36646.272,3796.7,14104,69024.976,10924.298,306,1497.564,100.354,25444,124522.936,16158.556,2880,14094.72,1409.476,328,1605.232,121.156,248,1213.712,120.074,1491,7296.954,582.28,1542,7546.548,556.932,255,1247.97,95.422,1105,5407.87,384.23
01/01/2024,_140#Magic Rod,4926,18738.504,1769.02,325,1236.3,171.016,26870,102213.48,14449.884,711,2704.644,281.228,300,1141.2,116.822,3375,12838.5,1174.68,7286,27715.944,2378.75,2,7.608,0,9429,35867.916,3491.218,1804,6862.416,640.576,202,768.408,61.126,25393,96594.972,12635.214,,,,366,1392.264,111.74,283,1076.532,100.886,794,3020.376,232.874,323,1228.692,96.552,1553,5907.612,447.096,59,224.436,18.66
01/02/2024,_4#Magic Wand,1449,4144.14,592.162,212,606.32,84.652,4083,11677.38,1872.816,346,989.56,114.884,446,1275.56,178.098,278,795.08,112.688,1192,3409.12,404.662,,,,4997,14291.42,1501.318,1796,5136.56,701.718,45,128.7,14.584,978,2797.08,643.906,720,2059.2,370.658,492,1407.12,168.982,,,,736,2104.96,248.474,562,1607.32,169.456,457,1307.02,159.428,116,331.76,35.162
01/02/2024,_5#Magic Rod,3811,9184.51,826.836,255,614.55,85.432,8236,19848.76,1856.926,244,588.04,57.064,232,559.12,45.652,306,737.46,68.892,4134,9962.94,898.014,29,69.89,0,10396,25054.36,2119.968,2857,6885.37,634.866,204,491.64,39.312,,,,,,,688,1658.08,152.266,5,12.05,0,2335,5627.35,450.74,928,2236.48,170.2,768,1850.88,134.898,408,983.28,72.192
01/02/2024,_6#Magic Rod,5698,21675.192,1857.464,285,1084.14,150.78,8670,32980.68,2953.156,630,2396.52,281.336,165,627.66,33.416,216,821.664,75.478,6402,24353.208,1995.216,104,395.616,0,18508,70404.432,5747.46,3632,13816.128,1203.302,281,1068.924,102.212,2639,10038.756,1318.216,,,,819,3115.476,280.616,,,,4263,16216.452,1194.906,1011,3845.844,270.926,4830,18373.32,1896.918,441,1677.564,130.61
01/02/2024,_7#Magic Rod,1008,1820.448,0,36,65.016,0,2080,3756.48,0,54,97.524,0,77,139.062,0,51,92.106,0,1347,2432.682,0,804,1452.024,0,2295,4144.77,0,678,1224.468,0,52,93.912,0,311,561.666,0,131,236.586,0,125,225.75,0,54,97.524,0,487,879.522,0,,,,57,102.942,0,23,41.538,0
01/02/2024,_10#Whistleblower,160,770.24,0,48,231.072,13.574,471,2267.394,263.108,,,,10,48.14,3.652,25,120.35,7.032,153,736.542,0,1,4.814,0,322,1550.108,62.802,193,929.102,54.372,1,4.814,0,19,91.466,7.022,160,770.24,53.9,4,19.256,0.56,1,4.814,0,78,375.492,21.318,37,178.118,7.212,26,125.164,8.11,,,
01/02/2024,_15#Darkspawn Helmet,4030,18135,2673.524,110,495,67.402,5238,23571,3680.85,311,1399.5,190.582,327,1471.5,185.872,142,639,87.496,3214,14463,1796.318,31,139.5,0,9762,43929,3803.838,1840,8280,1133.884,124,558,57.72,1242,5589,1252.506,,,,413,1858.5,222.292,4,18,0,2169,9760.5,1120.256,624,2808,269.59,620,2790,307.138,206,927,94.766
01/02/2024,_16#Darkspawn Helmet,4025,25896.85,3736.472,332,2136.088,331.646,2762,17770.708,2686.082,666,4285.044,640.862,180,1158.12,142.582,476,3062.584,410.842,8486,54598.924,5804.47,456,2933.904,0,11625,74795.25,7515.43,5625,36191.25,4835.782,3,19.302,2.602,10006,64378.604,14106.944,720,4632.48,833.844,339,2181.126,264.408,,,,2321,14933.314,1626.824,583,3751.022,367.5,1453,9348.602,1032.394,161,1035.874,107.398
01/02/2024,_19#Magic Rod,2763,13102.146,690.436,406,1925.252,107.874,6952,32966.384,1838.18,388,1839.896,92.538,343,1626.506,81.57,443,2100.706,118.66,3024,14339.808,745.758,250,1185.5,0,6926,32843.092,1510.656,2878,13647.476,771.436,55,260.81,13.658,3494,16568.548,1309.972,,,,586,2778.812,145.1,8,37.936,0,1864,8839.088,476.416,679,3219.818,133.736,530,2513.26,154.542,239,1133.338,43.414
01/02/2024,_20#Mermaid Voice,493,1967.07,0,47,187.53,0,1017,4057.83,0,18,71.82,0,21,83.79,0,40,159.6,0,560,2234.4,0,,,,883,3523.17,0,404,1611.96,0,14,55.86,0,286,1141.14,0,,,,31,123.69,0,21,83.79,0,295,1177.05,0,,,,22,87.78,0,11,43.89,0
01/02/2024,_21#Mermaid Voice,6,23.148,0,,,,50,192.9,0,,,,,,,20,77.16,0,2,7.716,0,,,,248,956.784,0,6,23.148,0,2,7.716,0,21,81.018,0,,,,9,34.722,0,,,,9,34.722,0,,,,,,,4,15.432,0
01/02/2024,_23#Mermaid Voice,1,4.44,0,,,,,,,,,,,,,,,,,,,,,,,,,,,,,,,,,,,,,,,,,,,,,,,,,,,,,,
01/02/2024,_25#Mermaid Voice,147,618.87,0,5,21.05,0,204,858.84,0,1,4.21,0,6,25.26,0,11,46.31,0,180,757.8,0,1,4.21,0,345,1452.45,0,135,568.35,0,11,46.31,0,34,143.14,0,,,,14,58.94,0,18,75.78,0,62,261.02,0,,,,7,29.47,0,,,
01/02/2024,_26#Mermaid Voice,743,2347.88,0,31,97.96,0,1265,3997.4,0,47,148.52,0,15,47.4,0,126,398.16,0,843,2663.88,0,18,56.88,0,1927,6089.32,0,675,2133,0,17,53.72,0,74,233.84,0,,,,39,123.24,0,16,50.56,0,339,1071.24,0,,,,36,113.76,0,3,9.48,0
01/02/2024,_28#Whistleblower,279,671.274,0,50,120.3,0,677,1628.862,0,70,168.42,0,15,36.09,0,72,173.232,0,296,712.176,0,12,28.872,0,1702,4095.012,0,330,793.98,0,2,4.812,0,227,546.162,0,36,86.616,0,53,127.518,0,25,60.15,0,86,206.916,0,,,,58,139.548,0,10,24.06,0
01/02/2024,_29#Whistleblower,411,1462.338,0,73,259.734,0,850,3024.3,0,152,540.816,0,17,60.486,0,106,377.148,0,327,1163.466,0,2,7.116,0,2204,7841.832,0,368,1309.344,0,4,14.232,0,303,1078.074,0,42,149.436,0,67,238.386,0,33,117.414,0,109,387.822,0,,,,63,224.154,0,3,10.674,0
01/02/2024,_30#Magic Wand,800,3286.4,463.558,47,193.076,27.23,1152,4732.416,750.458,208,854.464,109.238,83,340.964,45.984,129,529.932,74.208,743,3052.244,357.556,,,,2568,10549.344,989.506,547,2247.076,302.87,7,28.756,0.574,47,193.076,43.974,288,1183.104,212.958,190,780.52,100.934,2,8.216,0,538,2210.104,257.702,254,1043.432,108.536,222,911.976,108.36,79,324.532,31.7
01/02/2024,_33#Whistleblower,207,1345.5,0,25,162.5,9.418,426,2769,318.562,7,45.5,2.618,,,,30,195,11.218,291,1891.5,0,,,,380,2470,97.334,233,1514.5,87.47,2,13,0.374,10,65,3.834,160,1040,72.792,32,208,9.696,1,6.5,0,150,975,55.712,31,201.5,7.306,36,234,15.324,4,26,0.348
01/02/2024,_34#Magic Wand,1474,3882.516,538.458,99,260.766,36.274,3095,8152.23,1275.388,97,255.498,37.04,162,426.708,50.176,225,592.65,81.816,1727,4548.918,525.3,3,7.902,0,4015,10575.51,997.032,964,2539.176,337.422,72,189.648,22.18,,,,,,,354,932.436,100.344,,,,783,2062.422,237.248,373,982.482,96.646,369,971.946,111.152,126,331.884,29.284
01/02/2024,_35#Magic Wand,2763,11333.826,1535.962,164,672.728,91.028,3601,14771.302,2203.146,553,2268.406,305.028,294,1205.988,129.784,487,1997.674,268.868,3795,15567.09,1742.91,13,53.326,0,20634,84640.668,16989.04,4903,20112.106,2601.066,169,693.238,83.832,1,4.102,0.896,2304,9451.008,1701.186,789,3236.478,398.828,7,28.714,0,3623,14861.546,1688.2,588,2411.976,264.902,807,3310.314,385.922,261,1070.622,107.306
01/02/2024,_50#Serenity Pendant,5181,17159.472,1068.96,408,1351.296,78.312,11237,37216.944,2096.75,1125,3726,191.264,1069,3540.528,198.586,682,2258.784,130.408,4867,16119.504,858.332,24,79.488,0,15018,49739.616,2546.316,4712,15606.144,894.136,87,288.144,16.626,3262,10803.744,872.448,1800,5961.6,417.312,1349,4467.888,240.294,3,9.936,0,2510,8313.12,463.226,2242,7425.504,330.792,1304,4318.848,351.354,331,1096.272,45.13
01/02/2024,_51#Serenity Pendant,5669,7006.884,0,147,181.692,0,11586,14320.296,0,294,363.384,0,164,202.704,0,651,804.636,0,5337,6596.532,0,118,145.848,0,17039,21060.204,0,6060,7490.16,0,106,131.016,0,2039,2520.204,0,1421,1756.356,0,414,511.704,0,112,138.432,0,1986,2454.696,0,,,,1482,1831.752,0,73,90.228,0
01/02/2024,_52#Serenity Pendant,3402,15567.552,907.424,355,1624.48,90.86,8387,38378.912,2097.856,336,1537.536,72.638,291,1331.616,68.958,464,2123.264,111.174,3857,17649.632,685.572,17,77.792,0,7801,35697.376,1528.822,3026,13846.976,751.53,83,379.808,17.622,4010,18349.76,1433.816,,,,458,2095.808,104.96,,,,1780,8145.28,412.472,759,3473.184,148.012,595,2722.72,224.128,362,1656.512,73.57
01/02/2024,_60#Magic Wand,7010,37994.2,5151.706,545,2953.9,404.95,20799,112730.58,17124.022,589,3192.38,391.034,717,3886.14,481.04,587,3181.54,429.386,4910,26612.2,2793.634,42,227.64,0,27106,146914.52,31499.71,7361,39896.62,5170.52,162,878.04,115.504,14908,80801.36,17709.822,3840,20812.8,3746.306,731,3962.02,463.33,2,10.84,0,2427,13154.34,1458.112,1278,6926.76,706.656,1021,5533.82,621.52,325,1761.5,180.094
01/02/2024,_61#Magic Wand,778,3801.308,0,40,195.44,0,1255,6131.93,0,59,288.274,0,43,210.098,0,118,576.548,0,826,4035.836,0,217,1060.262,0,1693,8271.998,0,525,2565.15,0,39,190.554,0,419,2047.234,0,,,,98,478.828,0,36,175.896,0,318,1553.748,0,,,,46,224.756,0,32,156.352,0
01/02/2024,_62#Magic Wand,1214,5705.8,776.44,228,1071.6,144.756,4895,23006.5,3504.378,389,1828.3,221.132,264,1240.8,160.994,254,1193.8,160.744,1158,5442.6,615.678,,,,3875,18212.5,1615.336,1977,9291.9,1207.634,39,183.3,17.688,759,3567.3,779.192,720,3384,609.12,344,1616.8,207.574,,,,550,2585,289.534,870,4089,436.498,428,2011.6,231.73,92,432.4,45.494
01/02/2024,_68#Darkspawn Helmet,4390,34250.78,5236.58,386,3011.572,402.26,19057,148682.714,22089.946,387,3019.374,345.67,595,4642.19,490.034,270,2106.54,276.29,2324,18131.848,2306.398,367,2863.334,0,6005,46851.01,4468.028,5251,40968.302,5375.232,193,1505.786,191.278,1,7.802,1.662,1152,8987.904,1617.82,422,3292.444,404.692,,,,1377,10743.354,1173.836,1263,9853.926,1043.414,510,3979.02,437.422,663,5172.726,475.846
01/02/2024,_76#Darkspawn Helmet,996,9191.088,1326.214,113,1042.764,138.886,2582,23826.696,3687.096,125,1153.5,176.17,66,609.048,73.004,100,922.8,124.402,696,6422.688,783.888,5,46.14,0,1824,16831.872,1608.146,1555,14349.54,1930.81,13,119.964,8.82,7,64.596,14.084,,,,107,987.396,129.642,2,18.456,0,449,4143.372,471.45,381,3515.868,368.492,122,1125.816,127.288,19,175.332,17.772
01/02/2024,_78#Darkspawn Helmet,658,3541.356,540.878,45,242.19,34.148,581,3126.942,493.568,215,1157.13,171.842,69,371.358,45.076,34,182.988,25.574,729,3923.478,507.124,1,5.382,0,2542,13681.044,1308.634,418,2249.676,315.878,15,80.73,7.522,72,387.504,88.494,,,,134,721.188,92.722,1,5.382,0,502,2701.764,314.654,156,839.592,85.43,106,570.492,69.374,14,75.348,7.67
01/02/2024,_85#Magic Wand,700,3255,459.148,58,269.7,37.372,872,4054.8,643.954,88,409.2,44.894,46,213.9,29.322,134,623.1,87.34,822,3822.3,448.076,,,,2584,12015.6,1111.464,417,1939.05,261.254,29,134.85,12.38,26,120.9,27.59,,,,257,1195.05,147.456,,,,434,2018.1,235.662,250,1162.5,112.82,138,641.7,76.052,43,199.95,20.074
01/02/2024,_92#Poison,888,2571.648,183.854,110,318.56,17.596,1609,4659.664,549.634,31,89.776,4.612,,,,99,286.704,40.582,996,2884.416,204.546,180,521.28,0,2240,6487.04,327.584,754,2183.584,129.55,27,78.192,0,402,1164.192,96.404,,,,175,506.8,24.528,,,,485,1404.56,82.838,186,538.656,20.998,146,422.816,22.8,18,52.128,2.054
01/02/2024,_93#Poison,3106,8721.648,595.308,280,786.24,46.762,5708,16028.064,1825.292,204,572.832,27.38,200,561.6,25.42,316,887.328,122.508,3438,9653.904,627.554,444,1246.752,0,7553,21208.824,1105.706,2376,6671.808,384.826,123,345.384,17.754,503,1412.424,113.658,800,2246.4,157.25,472,1325.376,64.242,3,8.424,0,1672,4694.976,263.816,693,1945.944,80.67,540,1516.32,77.462,200,561.6,16.07
01/02/2024,_95#Poison,2110,9254.46,632.084,212,929.832,52.72,3748,16438.728,1854.2,189,828.954,48.9,50,219.3,11.63,289,1267.554,171.83,2663,11679.918,759.148,58,254.388,0,5279,23153.694,1203.666,1846,8096.556,458.35,38,166.668,6.68,3804,16684.344,1317.308,,,,269,1179.834,57.916,1,4.386,0,1249,5478.114,302.166,415,1820.19,72.648,426,1868.436,96.368,192,842.112,36.096
01/02/2024,_101#Amethyst Stone,13895,66834.95,9106.512,3725,17917.25,2508.006,25163,121034.03,18258.708,1316,6329.96,1010.39,4033,19398.73,2606.536,3236,15565.16,2101.094,19283,92751.23,8969.94,47,226.07,0,35230,169456.3,17528.096,21112,101548.72,13739.644,328,1577.68,210.186,27027,129999.87,28491.062,4032,19393.92,3296.972,1838,8840.78,1071.162,6,28.86,0,10396,50004.76,5505.988,4225,20322.25,2039.82,3738,17979.78,1872.196,967,4651.27,481.932
01/02/2024,_102#Magic Wand,1133,6476.228,881.668,210,1200.36,163.634,5921,33844.436,5124.072,140,800.24,102.542,90,514.44,64.932,170,971.72,130.06,912,5212.992,587.058,1,5.716,0,2598,14850.168,1439.982,2387,13644.092,1763.784,51,291.516,21.416,12,68.592,14.916,,,,224,1280.384,141.852,9,51.444,0,700,4001.2,445.56,258,1474.728,149.008,179,1023.164,117.616,54,308.664,28.028
01/02/2024,_105#Magic Wand,502,2568.232,362.17,96,491.136,67.812,1044,5341.104,829.43,149,762.284,86.816,121,619.036,84.252,72,368.352,51.488,400,2046.4,239.996,15,76.74,0,1622,8298.152,798.178,360,1841.76,247.964,19,97.204,0,694,3550.504,803.94,96,491.136,88.394,116,593.456,75.092,13,66.508,0,191,977.156,111.86,257,1314.812,136.442,71,363.236,42.66,40,204.64,20.632
01/02/2024,_107#Babylon Candle,10,45.74,7.86,7,32.018,0,19,86.906,0,,,,1,4.574,0,9,41.166,0,14,64.036,9.376,1,4.574,0,31,141.794,2.246,11,50.314,0,,,,,,,,,,2,9.148,0,,,,2,9.148,0,,,,1,4.574,0,,,
01/02/2024,_109#Poison,1784,5979.968,394.506,208,697.216,40.402,2954,9901.808,1107.244,149,499.448,23.054,52,174.304,9.508,327,1096.104,152.558,2037,6828.024,438.84,14,46.928,0,4365,14631.48,744,1511,5064.872,276.216,46,154.192,7.792,1501,5031.352,409.352,1920,6435.84,450.502,266,891.632,41.62,3,10.056,0,909,3046.968,163.048,440,1474.88,63.294,330,1106.16,52.984,145,486.04,16.808
01/02/2024,_110#Darkspawn Helmet,24,126.576,20.676,,,,85,448.29,0,1,5.274,0,,,,10,52.74,0,27,142.398,19.666,,,,109,574.866,0,35,184.59,0,,,,5,26.37,0,,,,3,15.822,0,,,,4,21.096,0,,,,,,,,,
01/02/2024,_129#Lighsaber,62,863.536,0,15,208.92,0,135,1880.28,0,7,97.496,0,1,13.928,0,15,208.92,0,77,1072.456,0,,,,216,3008.448,0,54,752.112,0,1,13.928,0,49,682.472,0,,,,5,69.64,0,1,13.928,0,44,612.832,0,,,,8,111.424,0,,,
01/02/2024,_130#Babylon Candle,1533,10654.35,1491.658,185,1285.75,171.248,11090,77075.5,16369.63,272,1890.4,239.75,50,347.5,48.492,90,625.5,87.022,1532,10647.4,1271.542,231,1605.45,0,4311,29961.45,2518.572,3174,22059.3,3000.636,7,48.65,3.88,1,6.95,1.576,1280,8896,1601.276,238,1654.1,224.182,,,,967,6720.65,698.96,459,3190.05,316.2,272,1890.4,199.836,107,743.65,73.176
01/02/2024,_17#Serenity Pendant,161,203.504,0,10,12.64,0,199,251.536,0,20,25.28,0,17,21.488,0,9,11.376,0,208,262.912,0,6088,7695.232,0,372,470.208,0,112,141.568,0,4,5.056,0,57,72.048,0,14,17.696,0,47,59.408,0,5,6.32,0,137,173.168,0,,,,3,3.792,0,12,15.168,0
01/02/2024,_133#Babylon Candle,2195,10838.91,1658.612,51,251.838,32.928,1847,9120.486,1411.196,235,1160.43,131.91,144,711.072,92.06,133,656.754,89.508,2162,10675.956,1390.378,46,227.148,0,5726,28274.988,2541.262,640,3160.32,430.64,70,345.66,43.146,10,49.38,10.956,160,790.08,142.216,335,1654.23,206.532,,,,938,4631.844,525.844,334,1649.292,164.9,379,1871.502,206.308,118,582.684,64.414
01/02/2024,_134#Serenity Pendant,52,257.504,0,5,24.76,0,65,321.88,0,,,,,,,5,24.76,0,27,133.704,0,,,,87,430.824,0,45,222.84,0,1,4.952,0,17,84.184,0,1,4.952,0,4,19.808,0,1,4.952,0,22,108.944,0,,,,1,4.952,0,,,
01/02/2024,_136#Magic Rod,5843,28595.642,2398.94,1199,5867.906,792.828,9666,47305.404,4217.632,663,3244.722,312.212,179,876.026,56.24,237,1159.878,104.848,6796,33259.624,2658.352,111,543.234,0,18300,89560.2,7149.51,5494,26887.636,2331.548,203,993.482,95.558,120,587.28,69.998,2400,11745.6,1174.552,1203,5887.482,546.566,5,24.47,0,3823,18709.762,1393.56,1355,6631.37,500.012,4868,23823.992,2451.446,410,2006.54,146.144
01/02/2024,_137#Whistleblower,23,219.558,0,35,334.11,19.362,157,1498.722,171.664,,,,6,57.276,3.28,17,162.282,9.294,21,200.466,0,1,9.546,0,111,1059.606,55.936,68,649.128,37.448,3,28.638,0,24,229.104,15.706,,,,24,229.104,10.106,1,9.546,0,16,152.736,8.748,20,190.92,7.408,9,85.914,5.272,,,
01/02/2024,_139#Babylon Candle,2544,25709.664,4113.784,627,6336.462,831.186,1521,15371.226,2289.364,155,1566.43,221.784,299,3021.694,332.196,93,939.858,124.346,2074,20959.844,2754.206,30,303.18,0,4293,43385.058,4275.69,3926,39676.156,5235.07,145,1465.37,143.012,2,20.212,4.344,1024,10348.544,1862.74,215,2172.79,278.654,,,,934,9439.004,965.932,583,5891.798,625.954,967,9772.502,1069.882,89,899.434,90.832
01/02/2024,_142#Babylon Candle,293,2196.328,343.52,96,719.616,100.064,746,5592.016,855.072,46,344.816,45.266,32,239.872,26.296,30,224.88,30.342,286,2143.856,285.558,,,,716,5367.136,557.208,272,2038.912,279.296,7,52.472,4.046,241,1806.536,398.744,,,,85,637.16,75.774,,,,190,1424.24,160.132,59,442.264,45.234,31,232.376,27.418,14,104.944,7.7
01/02/2024,_141#Magic Rod,8077,39528.838,3810.67,481,2354.014,294.52,20441,100038.254,9201.986,637,3117.478,304.488,819,4008.186,399.604,2414,11814.116,1066.678,10018,49028.092,3957.402,6,29.364,0,8908,43595.752,4691.518,4462,21837.028,1996.698,108,528.552,42.724,28844,141162.536,22993.696,,,,391,1913.554,175.69,38,185.972,0,1199,5867.906,451.266,2105,10301.87,783.106,2509,12279.046,1193.328,388,1898.872,150.936
01/02/2024,_140#Magic Rod,2235,8501.94,785.104,145,551.58,77.05,2438,9274.152,1043.146,661,2514.444,189.922,339,1289.556,120.372,44,167.376,15.23,1068,4062.672,377.426,12,45.648,0,7501,28533.804,2490.688,8753,33296.412,3035.734,72,273.888,23.75,1000,3804,497.49,,,,602,2290.008,191.506,5,19.02,0,2948,11214.192,0.026,320,1217.28,98.178,399,1517.796,113.348,97,368.988,25.002
01/03/2024,_4#Magic Wand,1119,3361.476,479.382,229,687.916,97.964,2476,7437.904,1193.102,79,237.316,27.894,5,15.02,2.128,243,729.972,103.046,1120,3364.48,400.098,,,,3586,10772.344,1250.682,1025,3079.1,419.574,84,252.336,34.468,554,1664.216,383.112,,,,162,486.648,63.112,146,438.584,62.722,814,2445.256,246.802,242,726.968,79.962,202,606.808,72.284,17,51.068,3.154
01/03/2024,_5#Magic Rod,4217,10162.97,766.066,397,956.77,133.004,6148,14816.68,1385.994,386,930.26,85.458,311,749.51,76.086,366,882.06,82.338,4395,10591.95,790.806,3,7.23,0,12102,29165.82,3003.268,2775,6687.75,594.56,347,836.27,85.47,1,2.41,0.324,,,,516,1243.56,126.266,30,72.3,0,2673,6441.93,456.656,1303,3140.23,265.996,860,2072.6,145.756,208,501.28,37.59
01/03/2024,_6#Magic Rod,5668,21561.072,1643.226,300,1141.2,150.822,7261,27620.844,2530.872,1472,5599.488,810.262,265,1008.06,76.658,558,2122.632,194.998,7044,26795.376,1927.532,150,570.6,0,20090,76422.36,7676.47,3751,14268.804,1268.12,585,2225.34,226.438,-33,-125.532,-16.578,1008,3834.432,383.44,890,3385.56,336.96,,,,4159,15820.836,1074.134,1554,5911.416,495.454,331,1259.124,81.038,157,597.228,41.356
01/03/2024,_7#Magic Rod,910,1643.46,0,47,84.882,0,1795,3241.77,0,59,106.554,0,73,131.838,0,78,140.868,0,1194,2156.364,0,544,982.464,0,2039,3682.434,0,678,1224.468,0,33,59.598,0,337,608.622,0,71,128.226,0,166,299.796,0,74,133.644,0,563,1016.778,0,,,,46,83.076,0,32,57.792,0
01/03/2024,_10#Whistleblower,258,1242.012,0,38,182.932,10.746,2015,9700.21,1568.556,6,28.884,1.966,9,43.326,1.964,38,182.932,10.682,247,1189.058,0,4,19.256,0,852,4101.528,210.018,257,1237.198,72.376,6,28.884,1.684,523,2517.722,328.898,480,2310.72,161.742,67,322.538,14.912,41,197.374,8.484,165,794.31,42.076,75,361.05,15.14,31,149.234,9.798,9,43.326,1.836
01/03/2024,_15#Darkspawn Helmet,2764,12438,1831.696,147,661.5,88.852,3245,14602.5,2282.508,247,1111.5,145.21,231,1039.5,141.506,112,504,69.04,3385,15232.5,1895.192,35,157.5,0,8742,39339,3919.798,1949,8770.5,1201.49,312,1404,181.226,520,2340,524.39,640,2880,518.4,435,1957.5,260.05,7,31.5,0,1878,8451,878.206,871,3919.5,419.994,536,2412,279.072,242,1089,109.484
01/03/2024,_16#Darkspawn Helmet,4576,29441.984,4247.44,387,2489.958,330.33,18828,121139.352,18483.884,1765,11356.01,1514.754,692,4452.328,598.646,1145,7366.93,982.276,4147,26681.798,3217.812,285,1833.69,0,16562,106559.908,11182.806,5055,32523.87,4351.306,250,1608.5,213.43,2501,16091.434,3526.034,2808,18066.672,3252.004,958,6163.772,810.374,592,3808.928,503.936,2439,15692.526,1685.402,1974,12700.716,1434.116,1551,9979.134,1134.924,380,2444.92,272.1
01/03/2024,_19#Magic Rod,3419,16212.898,660.014,470,2228.74,125.092,18767,88993.114,7026.108,313,1484.246,83.03,264,1251.888,67.17,537,2546.454,139.794,3431,16269.802,777.992,169,801.398,0,9286,44034.212,2393.306,3288,15591.696,835.018,229,1085.918,56.506,502,2380.484,188.21,,,,503,2385.226,129.238,2,9.484,0,2269,10759.598,485.522,938,4447.996,202.962,591,2802.522,179.616,223,1057.466,40.222
01/03/2024,_20#Mermaid Voice,477,1903.23,0,65,259.35,0,984,3926.16,0,15,59.85,0,19,75.81,0,52,207.48,0,479,1911.21,0,,,,976,3894.24,0,421,1679.79,0,21,83.79,0,365,1456.35,0,,,,26,103.74,0,36,143.64,0,239,953.61,0,,,,15,59.85,0,24,95.76,0
01/03/2024,_21#Mermaid Voice,634,2445.972,0,22,84.876,0,925,3568.65,0,45,173.61,0,40,154.32,0,108,416.664,0,733,2827.914,0,30,115.74,0,1438,5547.804,-4.284,508,1959.864,0,40,154.32,0,615,2372.67,0,,,,47,181.326,0,29,111.882,0,214,825.612,0,,,,43,165.894,0,12,46.296,0
01/03/2024,_23#Mermaid Voice,,,,,,,,,,,,,,,,,,,1,4.44,0,,,,-5,-22.2,-2.898,1,4.44,0,,,,1,4.44,0,,,,,,,,,,,,,,,,,,,,,
01/03/2024,_25#Mermaid Voice,95,399.95,0,9,37.89,0,184,774.64,0,5,21.05,0,3,12.63,0,4,16.84,0,95,399.95,0,,,,160,673.6,0,94,395.74,0,2,8.42,0,32,134.72,0,,,,5,21.05,0,24,101.04,0,52,218.92,0,,,,2,8.42,0,,,
01/03/2024,_26#Mermaid Voice,556,1756.96,0,23,72.68,0,877,2771.32,0,49,154.84,0,18,56.88,0,79,249.64,0,552,1744.32,0,15,47.4,0,1013,3201.08,-2.684,510,1611.6,0,13,41.08,0,168,530.88,0,,,,68,214.88,0,26,82.16,0,205,647.8,0,,,,33,104.28,0,7,22.12,0
01/03/2024,_28#Whistleblower,295,901.52,0,21,64.176,0,599,1830.544,0,23,70.288,0,12,36.672,0,59,180.304,0,294,898.464,0,20,61.12,0,956,2921.536,0,243,742.608,0,8,24.448,0,179,547.024,0,102,311.712,0,42,128.352,0,12,36.672,0,147,449.232,0,,,,29,88.624,0,19,58.064,0
01/03/2024,_29#Whistleblower,367,1632.416,0,34,151.232,0,621,2762.208,0,13,57.824,0,25,111.2,0,48,213.504,0,308,1369.984,0,14,62.272,0,992,4412.416,0,266,1183.168,0,17,75.616,0,255,1134.24,0,79,351.392,0,34,151.232,0,32,142.336,0,184,818.432,0,,,,16,71.168,0,12,53.376,0
01/03/2024,_30#Magic Wand,851,3671.214,516.712,15,64.71,9.126,1105,4766.97,755.908,46,198.444,21.73,16,69.024,3.622,103,444.342,62.17,932,4020.648,470.248,3,12.942,0,2132,9197.448,904.702,572,2467.608,332.422,50,215.7,23.54,51,220.014,50.146,,,,108,465.912,58.45,128,552.192,77.874,637,2748.018,288.22,242,1043.988,111.756,136,586.704,68.098,31,133.734,13.046
01/03/2024,_33#Whistleblower,375,2437.5,0,36,234,13.186,2136,13884,2209.376,25,162.5,9.348,6,39,2.244,42,273,15.704,352,2288,0,,,,938,6097,322.874,364,2366,136.594,28,182,8.226,516,3354,448.53,,,,62,403,21.692,7,45.5,1.884,196,1274,63.936,88,572,23.924,35,227.5,14.848,10,65,2.464
01/03/2024,_34#Magic Wand,1743,4591.062,635.19,122,321.348,44.336,2375,6255.75,976.218,49,129.066,16.9,165,434.61,57.448,198,521.532,71.998,1490,3924.66,452.614,8,21.072,0,4283,11281.422,1181.024,1089,2868.426,381.092,192,505.728,64.72,6,15.804,3.546,,,,278,732.252,97.058,5,13.17,0,1016,2676.144,274.216,424,1116.816,123.902,261,687.474,80.724,86,226.524,23.442
01/03/2024,_35#Magic Wand,3401,13950.902,1886.184,236,968.072,131.792,26396,108276.392,19153.236,584,2395.568,307.69,300,1230.6,158.14,209,857.318,115.97,2958,12133.716,1352.544,19,77.938,0,19582,80325.364,17947.228,3641,14935.382,1943.306,410,1681.82,219.178,,,,1152,4725.504,850.598,580,2379.16,318.974,5,20.51,0,1982,8130.164,755.562,843,3457.986,394.648,599,2457.098,283.098,196,803.992,78.268
01/03/2024,_50#Serenity Pendant,4681,16430.31,807.47,298,1045.98,57.114,15917,55868.67,4500.806,210,737.1,48.282,7,24.57,1.418,394,1382.94,79.79,5184,18195.84,753.818,45,157.95,0,10704,37571.04,1827.528,3201,11235.51,601.072,398,1396.98,79.582,1245,4369.95,352.958,,,,318,1116.18,51.924,13,45.63,0,2424,8508.24,408.442,812,2850.12,126.01,801,2811.51,232.478,275,965.25,39.468
01/03/2024,_51#Serenity Pendant,3430,6441.54,0,100,187.8,0,5592,10501.776,0,86,161.508,0,188,353.064,0,337,632.886,0,3679,6909.162,0,137,257.286,0,6410,12037.98,0,2306,4330.668,0,152,285.456,0,1308,2456.424,0,1008,1893.024,0,392,736.176,0,107,200.946,0,1636,3072.408,0,,,,242,454.476,0,124,232.872,0
01/03/2024,_52#Serenity Pendant,3265,14940.64,870.372,459,2100.384,119.156,15428,70598.528,5564.626,333,1523.808,84.934,275,1258.4,63.088,427,1953.952,107.376,3178,14542.528,685.83,54,247.104,0,8415,38507.04,2116.684,4868,22275.968,1256.916,223,1020.448,55.878,2501,11444.576,901.614,900,4118.4,288.292,431,1972.256,101.638,1,4.576,0,1946,8904.896,411.484,936,4283.136,196.65,536,2452.736,209.622,213,974.688,40.186
01/03/2024,_60#Magic Wand,5057,27408.94,3745.694,776,4205.92,605.994,31971,173282.82,32455.488,766,4151.72,507.766,685,3712.7,429.062,1940,10514.8,1424.434,9203,49880.26,4499.586,35,189.7,0,29984,162513.28,39473.862,8147,44156.74,5754.222,424,2298.08,305.31,2618,14189.56,3122.298,960,5203.2,936.574,585,3170.7,407.12,12,65.04,0,3530,19132.6,1820.56,1867,10119.14,1157.436,1893,10260.06,1203.446,268,1452.56,142.012
01/03/2024,_61#Magic Wand,643,3141.698,0,37,180.782,0,1200,5863.2,0,42,205.212,0,28,136.808,0,84,410.424,0,774,3781.764,0,179,874.594,0,1475,7206.85,0,488,2384.368,0,39,190.554,0,466,2276.876,0,,,,113,552.118,0,47,229.642,0,344,1680.784,0,,,,41,200.326,0,24,117.264,0
01/03/2024,_62#Magic Wand,1377,6926.31,936.176,153,769.59,104.768,7184,36135.52,6620.384,123,618.69,73.082,41,206.23,20.404,180,905.4,122.434,1408,7082.24,797.662,,,,3262,16407.86,1602.51,1395,7016.85,909.226,116,583.48,66.656,961,4833.83,1062.156,240,1207.2,217.296,109,548.27,72.15,156,784.68,106.814,742,3732.26,399.594,332,1669.96,182.946,253,1272.59,147.174,62,311.86,27.8
01/03/2024,_68#Darkspawn Helmet,9214,71887.628,10702.584,566,4415.932,594.486,7602,59310.804,8881.938,1463,11414.326,1470.822,759,5921.718,767.806,2247,17531.094,2319.668,3690,28789.38,3575.96,218,1700.836,0,11515,89840.03,10115.368,6098,47576.596,6312.682,973,7591.346,983.384,2073,16173.546,3472.76,2112,16477.824,2966.014,921,7185.642,943.346,463,3612.326,481.148,3330,25980.66,2706.314,1860,14511.72,1641.362,2337,18233.274,2103.142,352,2746.304,311.168
01/03/2024,_76#Darkspawn Helmet,1555,14349.54,2000.024,167,1541.076,205.26,1158,10686.024,1607.928,266,2454.648,307.71,64,590.592,55.44,74,682.872,92.472,733,6764.124,815.43,,,,1922,17736.216,1939.532,467,4309.476,577.676,34,313.752,41.58,18,166.104,36.606,1080,9966.24,1793.926,170,1568.76,210.008,110,1015.08,126.592,432,3986.496,423.15,192,1771.776,189.348,97,895.116,104.754,30,276.84,22.624
01/03/2024,_78#Darkspawn Helmet,305,1641.51,250.71,111,597.402,83.472,670,3605.94,571.14,275,1480.05,199.974,22,118.404,16.548,33,177.606,24.822,720,3875.04,499.464,2,10.764,0,2412,12981.384,1357.15,416,2238.912,314.572,28,150.696,15.796,102,548.964,125.016,,,,113,608.166,66.308,233,1254.006,176.82,419,2255.058,253.854,229,1232.478,133.342,48,258.336,32.642,8,43.056,3.488
01/03/2024,_85#Magic Wand,756,3515.4,495.892,76,353.4,49.828,1419,6598.35,1047.904,112,520.8,65.474,51,237.15,26.716,92,427.8,59.946,845,3929.25,460.646,17,79.05,0,2825,13136.25,1377.184,264,1227.6,165.328,79,367.35,44.96,11,51.15,11.648,,,,188,874.2,105.456,105,488.25,68.846,524,2436.6,245.98,286,1329.9,137.116,97,451.05,54.458,57,265.05,18.356
01/03/2024,_92#Poison,1001,2898.896,206.06,129,373.584,21.74,1665,4821.84,568.422,47,136.112,8.316,20,57.92,3.416,142,411.232,58.208,953,2759.888,196.924,154,445.984,0,2186,6330.656,373.662,787,2279.152,135.264,56,162.176,0,490,1419.04,117.514,,,,149,431.504,23.982,130,376.48,22.43,517,1497.232,83.008,272,787.712,36.18,135,390.96,21.972,40,115.84,4.904
01/03/2024,_93#Poison,3258,9148.464,517.418,304,853.632,53.354,7674,21548.592,2471.218,257,721.656,40.79,158,443.664,23.894,409,1148.472,158.508,4376,12287.808,639.534,402,1128.816,0,8340,23418.72,1482.9,4713,13234.104,755.962,243,682.344,38.574,1529,4293.432,345.504,1440,4043.52,283.046,315,884.52,48.088,,,,1810,5082.48,261.018,930,2611.44,152.902,601,1687.608,81.758,257,721.656,26.872
01/03/2024,_95#Poison,2162,9482.532,626.834,175,767.55,50.184,4144,18175.584,2015.942,187,820.182,42.662,153,671.058,31.922,290,1271.94,172.386,3335,14627.31,860.546,107,469.302,0,5993,26285.298,1665.894,1982,8693.052,492.822,98,429.828,22.018,2106,9236.916,729.434,2400,10526.4,736.856,280,1228.08,63.848,3,13.158,0,1347,5907.942,296.93,599,2627.214,118.916,440,1929.84,103.4,180,789.48,34.304
01/03/2024,_101#Amethyst Stone,23342,112275.02,15156.716,4106,19749.86,2705.092,89613,431038.53,77166.808,5529,26594.49,3374.798,1547,7441.07,1001.812,6198,29812.38,4042.288,13485,64862.85,6985.72,25,120.25,0,53376,256738.56,29227.268,27050,130110.5,17656.562,3932,18912.92,2560.496,9989,48047.09,10572.958,12096,58181.76,9890.908,4282,20596.42,2745.998,2083,10019.23,1361.82,8908,42847.48,4388.96,7402,35603.62,4095.712,4202,20211.62,2152.942,1408,6772.48,732.988
01/03/2024,_102#Magic Wand,1215,6944.94,932.736,253,1446.148,196.848,2854,16313.464,2633.892,176,1006.016,125.598,119,680.204,76.364,269,1537.604,207.504,1079,6167.564,694.38,1,5.716,0,2736,15638.976,1725.358,1841,10523.156,1366.988,87,497.292,60.166,4985,28494.26,6257.038,1125,6430.5,1157.488,174,994.584,122.092,246,1406.136,190.63,793,4532.788,466.03,378,2160.648,237.558,238,1360.408,159.296,31,177.196,17.954
01/03/2024,_105#Magic Wand,350,1880.2,264.082,74,397.528,56.048,637,3421.964,536.178,73,392.156,50.364,28,150.416,20.994,54,290.088,40.468,331,1778.132,208.168,9,48.348,0,994,5339.768,487.89,352,1890.944,253.786,23,123.556,0,166,891.752,202.632,96,515.712,92.81,132,709.104,84.192,228,1224.816,168.15,339,1821.108,203.684,113,607.036,63.516,56,300.832,34.892,36,193.392,21.186
01/03/2024,_107#Babylon Candle,7,32.018,5.502,,,,35,160.09,0,,,,,,,12,54.888,0,15,68.61,10.048,4,18.296,0,47,214.978,1.376,10,45.74,0,,,,,,,,,,1,4.574,0,,,,2,9.148,0,,,,,,,,,
01/03/2024,_109#Poison,1894,6348.688,340.28,232,777.664,45.062,3420,11463.84,1317.628,152,509.504,29.798,112,375.424,19.846,414,1387.728,193.186,2045,6854.84,366.392,9,30.168,0,4532,15191.264,870.814,1718,5758.736,317.838,141,472.632,26.492,1006,3372.112,274.356,1200,4022.4,603.358,196,656.992,34.458,,,,944,3164.288,165.58,628,2105.056,99.958,270,905.04,46.824,100,335.2,14.676
01/03/2024,_110#Darkspawn Helmet,19,100.206,16.372,,,,50,263.7,0,1,5.274,0,,,,13,68.562,0,31,163.494,22.59,,,,84,443.016,0,22,116.028,-7.6,,,,4,21.096,0,,,,4,21.096,0,,,,25,131.85,0,,,,2,10.548,0,,,
01/03/2024,_129#Lighsaber,4,55.712,0,,,,7,97.496,0,,,,,,,3,41.784,0,8,111.424,0,,,,14,194.992,0,-2,-27.856,0,,,,12,167.136,0,,,,,,,,,,3,41.784,0,,,,1,13.928,0,,,
01/03/2024,_130#Babylon Candle,1480,10286,1534.014,228,1584.6,211.048,9933,69034.35,13359.612,195,1355.25,173.15,33,229.35,29.096,750,5212.5,709.444,985,6845.75,857.482,146,1014.7,0,3864,26854.8,2711.938,2373,16492.35,2226.236,8,55.6,7.758,1,6.95,1.576,,,,157,1091.15,147.462,1,6.95,0,818,5685.1,581.096,463,3217.85,335.24,1117,7763.15,909.158,185,1285.75,136.22
01/03/2024,_17#Serenity Pendant,209,264.176,0,2,2.528,0,229,289.456,0,19,24.016,0,9,11.376,0,13,16.432,0,219,276.816,0,5931,7496.784,0,411,519.504,0,138,174.432,0,9,11.376,0,60,75.84,0,12,15.168,0,41,51.824,0,4,5.056,0,97,122.608,0,,,,10,12.64,0,9,11.376,0
01/03/2024,_133#Babylon Candle,2372,11712.936,1774.944,64,316.032,43.008,3653,18038.514,2762.798,218,1076.484,147.822,104,513.552,64.046,44,217.272,29.648,1910,9431.58,1221.006,55,271.59,0,6414,31672.332,3057.29,967,4775.046,576.668,164,809.832,104.494,26,128.388,28.476,160,790.08,142.216,276,1362.888,176.764,5,24.69,0,1069,5278.722,506.744,659,3254.142,360.396,483,2385.054,270.35,87,429.606,49.302
01/03/2024,_134#Serenity Pendant,37,183.224,0,3,14.856,0,83,411.016,0,1,4.952,0,1,4.952,0,7,34.664,0,44,217.888,0,,,,77,381.304,0,35,173.32,0,4,19.808,0,7,34.664,0,1,4.952,0,7,34.664,0,1,4.952,0,25,123.8,0,,,,5,24.76,0,1,4.952,0
01/03/2024,_136#Magic Rod,5952,29129.088,2548.634,958,4688.452,629.596,10846,53080.324,4792.164,1505,7365.47,1079.254,196,959.224,69.678,401,1962.494,177.406,6674,32662.556,2940.896,120,587.28,0,20524,100444.456,10133.696,6069,29701.686,2677.22,551,2696.594,266.768,186,910.284,118.404,960,4698.24,469.824,968,4737.392,452.762,10,48.94,0,4143,20275.842,1408.27,1911,9352.434,777.976,101,494.294,34.842,219,1071.786,84.63
01/03/2024,_137#Whistleblower,62,591.852,0,27,257.742,14.938,948,9049.608,1449.848,1,9.546,0,4,38.184,2.186,12,114.552,6.56,39,372.294,0,,,,298,2844.708,175.162,144,1374.624,79.274,19,181.374,8.748,794,7579.524,1015.226,64,610.944,42.754,35,334.11,14.874,16,152.736,7.192,29,276.834,10.388,45,429.57,19.02,14,133.644,8.582,1,9.546,0.52
01/03/2024,_139#Babylon Candle,3271,33056.726,5238.562,940,9499.64,1275.776,6564,66335.784,9960.52,928,9378.368,1204.868,482,4871.092,637.508,564,5699.784,754.878,5270,53258.62,6319.334,26,262.756,0,12869,130054.114,16054.832,4261,43061.666,5739.438,403,4072.718,531.95,,,,2048,20697.088,3725.478,896,9054.976,1199.132,268,2708.408,359.36,2729,27579.274,2959.57,2459,24850.654,2842.506,1864,18837.584,2232.75,452,4567.912,513.402
01/03/2024,_142#Babylon Candle,262,1963.952,307.178,18,134.928,18.762,828,6206.688,946.768,31,232.376,15.17,15,112.44,13.148,16,119.936,16.212,188,1409.248,187.698,,,,849,6364.104,666.214,256,1918.976,263.386,12,89.952,9.102,4318,32367.728,7156.286,160,1199.36,215.882,47,352.312,42.35,11,82.456,10.424,196,1469.216,162.66,176,1319.296,145.384,23,172.408,20.756,24,179.904,19.338
01/03/2024,_141#Magic Rod,3684,18029.496,1686.764,420,2055.48,274.534,34671,169679.874,27422.95,1578,7722.732,1064.326,315,1541.61,156.78,510,2495.94,225.68,3606,17647.764,1548.47,2,9.788,0,8513,41662.622,4519.2,7973,39019.862,3536.916,320,1566.08,137.862,20495,100302.53,16982.614,1440,7047.36,704.724,344,1683.536,164.42,447,2187.618,219.86,1612,7889.128,580.638,855,4184.37,359.038,219,1071.786,82.71,1012,4952.728,349.012
01/03/2024,_140#Magic Rod,5448,20724.192,1903.244,199,756.996,105.312,24899,94715.796,19909.378,1203,4576.212,622.744,449,1707.996,155.282,92,349.968,32.15,1377,5238.108,483.724,,,,5851,22257.204,2327.234,2400,9129.6,844.758,130,494.52,45.602,6309,23999.436,3174.286,,,,439,1669.956,158.95,229,871.116,89.702,1019,3876.276,268.886,1595,6067.38,481.086,82,311.928,23.176,56,213.024,18.728
01/03/2024,_63#Babylon Candle,1,2.876,0.502,,,,,,,,,,,,,,,,,,,,,,-1,-2.876,-0.546,,,,,,,,,,,,,,,,,,,,,,,,,,,,,,
01/04/2024,_4#Magic Wand,1427,4286.708,578.578,161,483.644,135.87,2836,8519.344,1367.678,83,249.332,36.572,59,177.236,46.94,268,805.072,114.092,1380,4145.52,462.256,5,15.02,0,2276,6837.104,899.566,1178,3538.712,468.208,78,234.312,88.012,27,81.108,18.702,,,,116,348.464,54.338,290,871.16,128.054,714,2144.856,241.482,294,883.176,109.116,217,651.868,72.356,49,147.196,24.764
01/04/2024,_5#Magic Rod,3996,9630.36,708.892,161,388.01,70.23,5855,14110.55,1294.026,194,467.54,31.608,345,831.45,42.528,340,819.4,76.476,4104,9890.64,761.254,9,21.69,0,6783,16347.03,999.81,2599,6263.59,540.32,311,749.51,77.45,1,2.41,0.324,,,,385,927.85,60.628,933,2248.53,223.054,2246,5412.86,393.14,930,2241.3,174.118,510,1229.1,79.03,126,303.66,20.95
01/04/2024,_6#Magic Rod,6157,23421.228,1722.526,175,665.7,92.94,7595,28891.38,2651.936,79,300.516,11.148,156,593.424,32.468,381,1449.324,133.154,6453,24547.212,1929.978,108,410.832,0,10369,39443.676,1895.914,3585,13637.34,1190.038,468,1780.272,156.074,23,87.492,11.65,1008,3834.432,383.45,445,1692.78,108.568,1789,6805.356,713.444,3642,13854.168,1009.62,1297,4933.788,365.948,486,1848.744,102.226,208,791.232,50.814
01/04/2024,_7#Magic Rod,1185,2140.11,0,33,59.598,0,1940,3503.64,0,120,216.72,0,48,86.688,0,111,200.466,0,1190,2149.14,0,2887,5213.922,0,2211,3993.066,0,708,1278.648,0,29,52.374,0,248,447.888,0,117,211.302,0,113,204.078,0,145,261.87,0,598,1079.988,0,,,,69,124.614,0,36,65.016,0
01/04/2024,_10#Whistleblower,971,4674.394,159.78,217,1044.638,128.578,974,4688.836,552.024,234,1126.476,110.42,93,447.702,76.546,96,462.144,26.956,695,3345.73,103.69,,,,2524,12150.536,1666.472,1074,5170.236,302.664,5,24.07,7.824,363,1747.482,159.048,480,2310.72,115.54,168,808.752,104.974,108,519.912,100.004,474,2281.836,125.104,293,1410.502,118.13,95,457.33,28.698,50,240.7,36.482
01/04/2024,_15#Darkspawn Helmet,3140,14130,2084.666,84,378,98.636,5669,25510.5,3987.53,214,963,106.662,257,1156.5,134.896,355,1597.5,219.112,2905,13072.5,1627.796,20,90,0,5658,25461,2143.842,1472,6624,907.156,190,855,176.024,15,67.5,15.09,,,,235,1057.5,117.074,656,2952,404.75,1726,7767,825.968,584,2628,277.848,517,2326.5,249.302,135,607.5,70.112
01/04/2024,_16#Darkspawn Helmet,1958,13604.184,1960.78,130,903.24,171.85,3935,27340.38,4167.91,221,1535.508,124.644,10,69.48,13.592,109,757.332,100.988,1945,13513.86,1633.494,224,1556.352,0,2914,20246.472,1672.74,1978,13743.144,1838.904,29,201.492,27.186,2,13.896,3.046,,,,53,368.244,53.53,286,1987.128,268.184,1274,8851.752,944.768,267,1855.116,191.916,189,1313.172,143.002,105,729.54,68.122
01/04/2024,_19#Magic Rod,3080,14605.36,760.146,426,2020.092,137.996,3219,15264.498,855.032,202,957.884,47.236,374,1773.508,69.606,482,2285.644,129.082,3197,15160.174,805.286,221,1047.982,0,6564,31126.488,1525.302,4657,22083.494,1250.456,146,692.332,73.474,9,42.678,3.374,,,,292,1384.664,54.424,1202,5699.884,316.07,1997,9469.774,481.772,948,4495.416,202.456,603,2859.426,171.55,181,858.302,39.426
01/04/2024,_20#Mermaid Voice,441,1759.59,0,71,283.29,0,907,3618.93,0,48,191.52,0,29,115.71,0,69,275.31,0,440,1755.6,0,,,,900,3591,0,435,1735.65,0,36,143.64,0,408,1627.92,0,,,,42,167.58,0,31,123.69,0,308,1228.92,0,,,,34,135.66,0,20,79.8,0
01/04/2024,_21#Mermaid Voice,379,1462.182,0,15,57.87,0,613,2364.954,0,37,142.746,0,23,88.734,0,50,192.9,0,331,1276.998,0,20,77.16,0,557,2148.906,0,199,767.742,0,32,123.456,0,318,1226.844,0,,,,28,108.024,0,10,38.58,0,178,686.724,0,,,,26,100.308,0,3,11.574,0
01/04/2024,_23#Mermaid Voice,,,,,,,1,4.44,0,,,,,,,,,,,,,,,,,,,,,,,,,,,,,,,,,,,,,,,,,,,,,,,,
01/04/2024,_25#Mermaid Voice,75,315.75,0,14,58.94,0,111,467.31,0,1,4.21,0,2,8.42,0,3,12.63,0,107,450.47,0,,,,123,517.83,0,76,319.96,0,5,21.05,0,40,168.4,0,,,,7,29.47,0,5,21.05,0,53,223.13,0,,,,3,12.63,0,,,
01/04/2024,_26#Mermaid Voice,416,1314.56,0,46,145.36,0,761,2404.76,0,16,50.56,0,18,56.88,0,90,284.4,0,511,1614.76,0,22,69.52,0,971,3068.36,0,466,1472.56,0,6,18.96,0,240,758.4,0,,,,23,72.68,0,19,60.04,0,196,619.36,0,,,,24,75.84,0,11,34.76,0
01/04/2024,_28#Whistleblower,437,1335.472,0,21,64.176,0,803,2453.968,0,32,97.792,0,17,51.952,0,61,186.416,0,362,1106.272,0,9,27.504,0,750,2292,0,283,864.848,0,17,51.952,0,226,690.656,0,145,443.12,0,45,137.52,0,36,110.016,0,242,739.552,0,,,,26,79.456,0,26,79.456,0
01/04/2024,_29#Whistleblower,463,2059.424,0,30,133.44,0,1082,4812.736,0,20,88.96,0,47,209.056,0,62,275.776,0,508,2259.584,0,3,13.344,0,994,4421.312,0,460,2046.08,0,26,115.648,0,368,1636.864,0,110,489.28,0,43,191.264,0,24,106.752,0,262,1165.376,0,,,,21,93.408,0,10,44.48,0
01/04/2024,_30#Magic Wand,1157,4991.298,668.108,26,112.164,67.108,819,3533.166,560.262,76,327.864,54.776,36,155.304,42.816,101,435.714,60.976,1191,5137.974,550.186,,,,2012,8679.768,1176.04,606,2614.284,341.202,42,181.188,126.638,69,297.666,67.798,288,1242.432,223.644,63,271.782,41.16,169,729.066,105.972,649,2799.786,301.296,268,1156.152,162.498,168,724.752,80.262,37,159.618,29.924
01/04/2024,_33#Whistleblower,1101,7156.5,88.298,273,1774.5,216.888,965,6272.5,721.628,371,2411.5,174.552,118,767,100.898,77,500.5,28.79,1031,6701.5,102.984,1,6.5,0,2901,18856.5,2431.712,1240,8060,454.5,14,91,21.188,110,715,57.712,2,13,0,152,988,123.698,125,812.5,128.984,526,3419,179.846,311,2021.5,157.568,105,682.5,41.432,44,286,45.334
01/04/2024,_34#Magic Wand,1557,4101.138,570.72,68,179.112,68.146,2677,7051.218,1103.138,116,305.544,37.608,109,287.106,44.706,293,771.762,106.534,1627,4285.518,495.678,11,28.974,0,3624,9545.616,1032.062,964,2539.176,336.294,72,189.648,108.156,37,97.458,21.904,,,,203,534.702,65.854,555,1461.87,202.664,1023,2694.582,288.76,541,1424.994,168.172,393,1035.162,111.404,60,158.04,24.784
01/04/2024,_35#Magic Wand,5448,22347.696,3210.422,179,734.258,114.716,915,3753.33,575.41,302,1238.804,166.12,174,713.748,88.208,377,1546.454,209.196,4678,19189.156,2256.53,85,348.67,0,2751,11284.602,853.764,2977,12211.654,1587.1,412,1690.024,232.546,,,,,,,318,1304.436,131.856,975,3999.45,541.17,3554,14578.508,1604.526,763,3129.826,364.87,741,3039.582,333.854,134,549.668,69.37
01/04/2024,_50#Serenity Pendant,3868,13576.68,853.4,185,649.35,56.954,2613,9171.63,517.508,213,747.63,32.916,143,501.93,23.72,557,1955.07,112.796,4171,14640.21,785.026,30,105.3,0,6932,24331.32,779.954,3278,11505.78,644.186,289,1014.39,65.976,5,17.55,1.416,900,3159,221.13,201,705.51,32.418,918,3222.18,186.986,2510,8810.1,462.51,876,3074.76,141.064,1094,3839.94,303.82,193,677.43,31.954
01/04/2024,_51#Serenity Pendant,3297,6191.766,0,88,165.264,0,5247,9853.866,0,83,155.874,0,217,407.526,0,384,721.152,0,3892,7309.176,0,133,249.774,0,5803,10898.034,0,1910,3586.98,0,79,148.362,0,1364,2561.592,0,823,1545.594,0,446,837.588,0,129,242.262,0,1853,3479.934,0,,,,265,497.67,0,66,123.948,0
01/04/2024,_52#Serenity Pendant,3255,14894.88,913.15,371,1697.696,114.336,2485,11371.36,764.362,283,1295.008,55.694,442,2022.592,71.132,460,2104.96,118.45,3398,15549.248,836.494,13,59.488,0,6211,28421.536,1186.804,4324,19786.624,1117.518,257,1176.032,85.468,6,27.456,2.164,2700,12355.2,864.858,366,1674.816,77.826,943,4315.168,245.322,2105,9632.48,486.16,810,3706.56,185.436,588,2690.688,223.276,143,654.368,36.056
01/04/2024,_60#Magic Wand,10606,57484.52,8152.214,648,3512.16,464.884,8200,44444,9199.048,508,2753.36,263.636,1051,5696.42,225.856,539,2921.38,395.736,7460,40433.2,4707.41,24,130.08,0,2887,15647.54,1561.972,8114,43977.88,5933.248,409,2216.78,264.85,1,5.42,1.192,2710,14688.2,2643.878,405,2195.1,230.958,1407,7625.94,1033.602,2955,16016.1,1778.74,1869,10129.98,1016.11,987,5349.54,590.146,237,1284.54,133.864
01/04/2024,_61#Magic Wand,842,4114.012,0,37,180.782,0,1267,6190.562,0,42,205.212,0,38,185.668,0,82,400.652,0,909,4441.374,0,197,962.542,0,1808,8833.888,0,586,2863.196,0,36,175.896,0,435,2125.41,0,,,,77,376.222,0,75,366.45,0,371,1812.706,0,,,,35,171.01,0,40,195.44,0
01/04/2024,_62#Magic Wand,1629,8193.87,1115.66,134,674.02,210.106,3301,16604.03,3435.532,125,628.75,88.914,67,337.01,88.598,219,1101.57,148.96,1880,9456.4,1071.926,,,,2326,11699.78,1599.394,1743,8767.29,1140.104,113,568.39,216.574,61,306.83,67.49,1440,7243.2,1303.774,74,372.22,61.734,149,749.47,109.654,968,4869.04,508.986,341,1715.23,213.34,305,1534.15,168.714,50,251.5,66.462
01/04/2024,_68#Darkspawn Helmet,2705,22370.35,3535.804,232,1918.64,287.928,2564,21204.28,3468.1,120,992.4,144.408,20,165.4,32.364,99,818.73,108.598,4660,38538.2,4305.968,148,1223.96,0,3394,28068.38,3634.29,1766,14604.82,1942.53,,,,1,8.27,1.78,,,,39,322.53,45.142,137,1132.99,157.304,1023,8460.21,868.322,454,3754.58,422.332,284,2348.68,261.17,49,405.23,47.542
01/04/2024,_76#Darkspawn Helmet,620,5721.36,824.274,153,1411.884,328.044,1380,12734.64,1964.928,67,618.276,101.832,94,867.432,188.146,84,775.152,104.212,669,6173.532,752.382,10,92.28,0,1189,10972.092,1964.948,569,5250.732,706.716,47,433.716,144.404,44,406.032,89.69,,,,54,498.312,121.886,114,1051.992,137.384,506,4669.368,492.45,179,1651.812,293.28,91,839.748,93.492,21,193.788,77.142
01/04/2024,_78#Darkspawn Helmet,551,2965.482,429.902,41,220.662,74.414,797,4289.454,679.402,130,699.66,97.82,57,306.774,84.148,50,269.1,37.608,662,3562.884,438.938,45,242.19,0,1647,8864.154,1361.744,415,2233.53,302.234,22,118.404,52.644,67,360.594,82.104,,,,64,344.448,57.948,218,1173.276,158.748,385,2072.07,218.126,218,1173.276,163.794,75,403.65,45.818,19,102.258,26.744
01/04/2024,_85#Magic Wand,822,3822.3,524.06,48,223.2,102.594,860,3999,633.616,106,492.9,64.522,85,395.25,80.34,45,209.25,29.322,1002,4659.3,518.6,3,13.95,0,2029,9434.85,1295.932,471,2190.15,287.52,99,460.35,145.512,35,162.75,37.132,,,,94,437.1,77.106,120,558,81.438,530,2464.5,265.528,285,1325.25,180.726,187,869.55,94.466,21,97.65,32.234
01/04/2024,_92#Poison,944,2733.824,195.524,75,217.2,36.352,1839,5325.744,628.202,30,86.88,10.732,51,147.696,21.44,136,393.856,55.764,1008,2919.168,208.294,97,280.912,0,1629,4717.584,448.242,870,2519.52,149.474,45,130.32,0,490,1419.04,117.49,,,,73,211.408,11.186,104,301.184,19.234,598,1731.808,95.818,252,729.792,46.67,141,408.336,21.604,53,153.488,13.838
01/04/2024,_93#Poison,3464,9726.912,564.784,242,679.536,54.896,5617,15772.536,1785.422,198,555.984,27.004,337,946.296,36.05,526,1477.008,203.772,3438,9653.904,534.422,453,1272.024,0,5869,16480.152,840.524,2880,8087.04,447.236,228,640.224,61.608,38,106.704,8.596,,,,396,1111.968,41.592,840,2358.72,135.738,2091,5871.528,309.574,646,1813.968,85.62,630,1769.04,87.636,123,345.384,18.78
01/04/2024,_95#Poison,2256,9894.816,673.668,184,807.024,80.802,4683,20539.638,2306.282,148,649.128,32.614,197,864.042,55.58,385,1688.61,228.78,1999,8767.614,592.186,89,390.354,0,3491,15311.526,1122.564,1879,8241.294,466.212,89,390.354,50.166,16,70.176,5.542,,,,192,842.112,46.65,584,2561.424,143.99,1357,5951.802,311.24,597,2618.442,122.09,449,1969.314,98.102,183,802.638,33.572
01/04/2024,_101#Amethyst Stone,8573,42470.642,5799.286,2836,14049.544,1146.14,10570,52363.78,9561.508,561,2779.194,196.65,18,89.172,9.738,1594,7896.676,1069.248,14281,70748.074,6671.018,22,108.988,0,14831,73472.774,5977.966,10455,51794.07,7051.62,98,485.492,86.752,2,9.908,2.224,,,,211,1045.294,85.782,1155,5721.87,759.064,5435,26924.99,2842.438,1652,8184.008,629.596,1662,8233.548,854.134,507,2511.678,88.922
01/04/2024,_102#Magic Wand,1345,7688.02,1044.676,166,948.856,183.52,7385,42212.66,8735.934,158,903.128,123.984,153,874.548,140.712,1175,6716.3,906.914,1293,7390.788,836.296,1,5.716,0,2017,11529.172,1643.636,2058,11763.528,1527.92,71,405.836,201.252,271,1549.036,340.392,450,2572.2,463.002,98,560.168,110.072,127,725.932,99.24,804,4595.664,503.312,274,1566.184,208.474,281,1606.196,176.39,37,211.492,62.748
01/04/2024,_105#Magic Wand,356,1912.432,269.658,35,188.02,94.488,704,3781.888,598.208,55,295.46,53.23,32,171.904,66.688,73,392.156,54.734,364,1955.408,228.618,7,37.604,0,710,3814.12,831.802,345,1853.34,249.466,22,118.184,0,290,1557.88,354.434,,,,35,188.02,56.79,57,306.204,47.098,164,881.008,99.968,107,574.804,72.648,38,204.136,22.5,12,64.464,16.83
01/04/2024,_107#Babylon Candle,11,50.314,7.074,,,,52,237.848,0,,,,1,4.574,0,20,91.48,0,12,54.888,8.04,2,9.148,0,55,251.57,0,7,32.018,0,,,,1,4.574,0,,,,2,9.148,0,,,,3,13.722,0,,,,2,9.148,0,,,
01/04/2024,_109#Poison,1741,5835.832,388.85,179,600.008,55.01,3698,12395.696,1390.872,199,667.048,37.626,178,596.656,37.35,379,1270.408,176.8,1905,6385.56,433.466,9,30.168,0,3520,11799.04,847.672,1759,5896.168,312.55,127,425.704,60.238,7,23.464,1.906,,,,170,569.84,37.568,517,1732.984,100.342,1093,3663.736,184.67,486,1629.072,86.698,371,1243.592,63.528,89,298.328,19.978
01/04/2024,_110#Darkspawn Helmet,17,89.658,14.65,,,,77,406.098,0,1,5.274,0,,,,9,47.466,0,25,131.85,17.484,,,,102,537.948,0,22,116.028,0,,,,5,26.37,0,,,,3,15.822,0,,,,8,42.192,0,,,,2,10.548,0,,,
01/04/2024,_129#Lighsaber,2,27.856,0,,,,1,13.928,0,,,,,,,,,,,,,,,,-1,-13.928,0,,,,,,,,,,,,,,,,,,,,,,,,,,,,,,
01/04/2024,_130#Babylon Candle,1448,10063.6,1481.914,145,1007.75,234.46,720,5004,773.804,151,1049.45,91.24,113,785.35,160.052,138,959.1,131.5,1939,13476.05,1700.194,157,1091.15,0,7553,52493.35,8366.264,2787,19369.65,2618.464,24,166.8,27.186,,,,2048,14233.6,2562.04,59,410.05,79.068,364,2529.8,342.994,1081,7512.95,733.846,198,1376.1,196.342,139,966.05,105.63,6,41.7,0
01/04/2024,_17#Serenity Pendant,243,307.152,0,6,7.584,0,230,290.72,0,16,20.224,0,3,3.792,0,10,12.64,0,229,289.456,0,5660,7154.24,0,400,505.6,0,148,187.072,0,3,3.792,0,64,80.896,0,16,20.224,0,36,45.504,0,,,,98,123.872,0,,,,16,20.224,0,13,16.432,0
01/04/2024,_133#Babylon Candle,2230,11011.74,1685.804,26,128.388,82.05,2946,14547.348,2247.83,194,957.972,112.752,135,666.63,88.186,136,671.568,91.584,2296,11337.648,1470.876,39,192.582,0,3993,19717.434,1940.026,645,3185.01,433.996,119,587.622,202.622,178,878.964,194.902,,,,183,903.654,120.216,530,2617.14,356.548,1037,5120.706,525.844,418,2064.084,249.686,436,2152.968,233.408,50,246.9,40.722
01/04/2024,_134#Serenity Pendant,44,217.888,0,8,39.616,0,84,415.968,0,2,9.904,0,,,,5,24.76,0,44,217.888,0,,,,74,366.448,0,43,212.936,0,,,,14,69.328,0,3,14.856,0,7,34.664,0,1,4.952,0,18,89.136,0,,,,1,4.952,0,,,
01/04/2024,_136#Magic Rod,6324,30949.656,2613.558,761,3724.334,333.402,7959,38951.346,3547.872,120,587.28,34.56,207,1013.058,73.872,294,1438.836,130.068,6385,31248.19,2776.172,212,1037.528,0,9362,45817.628,2400.488,5875,28752.25,2604.78,447,2187.618,186.454,412,2016.328,262.19,,,,527,2579.138,164.718,1815,8882.61,888.966,3971,19434.074,1397.818,1903,9313.282,657.264,484,2368.696,168.73,312,1526.928,82.95
01/04/2024,_137#Whistleblower,392,3742.032,171.58,262,2501.052,264.78,698,6663.108,758.82,127,1212.342,120.958,101,964.146,160.408,52,496.392,28.428,262,2501.052,111.75,,,,955,9116.43,2173.538,633,6042.618,348.158,10,95.46,31.098,98,935.508,105.138,320,3054.72,366.57,116,1107.336,175.554,77,735.042,171.816,76,725.496,39.91,110,1050.06,166.37,31,295.926,19.17,27,257.742,41.584
01/04/2024,_139#Babylon Candle,3489,38783.724,6093.386,52,578.032,196.63,7006,77878.696,11668.206,31,344.596,87.28,25,277.9,65.538,87,967.092,127.92,1844,20497.904,2826.434,16,177.856,0,7241,80490.956,13199.61,1292,14361.872,1897.802,39,433.524,74.67,104,1156.064,248.718,,,,7,77.812,60.082,196,2178.736,280.238,988,10982.608,1018.34,414,4602.024,549.718,528,5869.248,633.166,183,2034.228,159.254
01/04/2024,_142#Babylon Candle,358,2683.568,419.734,9,67.464,74.362,967,7248.632,1108.384,67,502.232,78.548,46,344.816,108.716,33,247.368,33.376,296,2218.816,295.548,,,,718,5382.128,1227.902,303,2271.288,311.07,8,59.968,44.006,104,779.584,171.876,,,,44,329.824,66.218,108,809.568,111.524,771,5779.416,643.9,197,1476.712,247.458,75,562.2,65.754,12,89.952,25.482
01/04/2024,_141#Magic Rod,3731,18259.514,1776.012,407,1991.858,323.534,5550,27161.7,2507.856,121,592.174,66.24,643,3146.842,105.628,2087,10213.778,924.594,8242,40336.348,3274.59,,,,5639,27597.266,2882.63,3870,18939.78,2438.042,236,1154.984,164.94,369,1805.886,304.736,,,,220,1076.68,65.4,353,1727.582,176.454,2033,9949.502,719.89,856,4189.264,337.402,966,4727.604,343.556,242,1184.348,66.896
01/04/2024,_140#Magic Rod,1582,6017.928,554.15,96,365.184,90.718,2232,8490.528,790.136,157,597.228,56.06,613,2331.852,89.85,78,296.712,27.286,1103,4195.812,387.23,12,45.648,0,3019,11484.276,1097.886,4139,15744.756,1453.032,39,148.356,50.166,89,338.556,44.706,,,,166,631.464,38.176,258,981.432,103.496,1082,4115.928,320.742,822,3126.888,254.548,137,521.148,36.726,135,513.54,43.76
01/04/2024,_54#Whistleblower,,,,,,,1,3.636,0,,,,,,,,,,,,,,,,,,,,,,,,,,,,,,,,,,,,,,,,,,,,,,,,
